start,end,dur,peak_energy,peak_zcr,kind,text_density,text_tag
5.6,5.9,0.3,0.2994,0.1338,energy_burst,13,文本中
6.1,6.5,0.4,0.2736,0.122,energy_burst,13,文本中
10.3,10.7,0.4,0.2243,0.152,energy_burst,8,文本弱
21.6,21.9,0.3,0.1891,0.2258,strong_anomaly,10,文本中
23.9,24.5,0.6,0.3754,0.4253,strong_anomaly,2,文本弱
28.6,29.4,0.8,0.3723,0.2645,strong_anomaly,11,文本中
31.2,32.1,0.9,0.3395,0.2577,strong_anomaly,9,文本中
37.6,37.9,0.3,0.2768,0.1457,energy_burst,6,文本弱
52.3,52.6,0.3,0.2251,0.1132,energy_burst,4,文本弱
53.0,53.3,0.3,0.1771,0.0894,energy_burst,4,文本弱
73.9,74.3,0.4,0.3014,0.3834,high_freq_burst,3,文本弱
87.4,87.8,0.4,0.2072,0.1839,energy_burst,3,文本弱
115.1,115.5,0.4,0.1581,0.1588,energy_burst,9,文本中
115.7,116.0,0.3,0.3199,0.1563,energy_burst,9,文本中
118.9,119.3,0.4,0.2049,0.2695,high_freq_burst,26,文本中
129.1,129.5,0.4,0.1799,0.2039,strong_anomaly,0,文本弱
217.7,218.0,0.3,0.132,0.0976,energy_burst,6,文本弱
225.9,226.2,0.3,0.189,0.1288,energy_burst,22,文本中
229.1,229.4,0.3,0.1633,0.1088,energy_burst,6,文本弱
239.7,240.2,0.5,0.144,0.1588,energy_burst,12,文本中
252.8,253.1,0.3,0.1772,0.1826,energy_burst,11,文本中
258.1,258.5,0.4,0.1963,0.2514,strong_anomaly,8,文本弱
264.5,264.8,0.3,0.1975,0.1976,energy_burst,6,文本弱
271.4,271.7,0.3,0.1416,0.2108,strong_anomaly,3,文本弱
292.8,293.5,0.7,0.2942,0.1176,energy_burst,6,文本弱
304.3,304.6,0.3,0.1829,0.207,strong_anomaly,4,文本弱
313.5,313.8,0.3,0.2728,0.2226,high_freq_burst,2,文本弱
315.9,316.2,0.3,0.2215,0.2589,strong_anomaly,10,文本中
327.5,328.4,0.9,0.2535,0.4003,strong_anomaly,5,文本弱
341.5,341.9,0.4,0.1852,0.2164,strong_anomaly,2,文本弱
343.4,343.7,0.3,0.1381,0.237,strong_anomaly,0,文本弱
396.1,396.4,0.3,0.1153,0.172,energy_burst,5,文本弱
410.2,411.3,1.1,0.2392,0.1388,energy_burst,7,文本弱
417.2,417.5,0.3,0.1425,0.3296,high_freq_burst,9,文本中
423.7,424.1,0.4,0.1795,0.1701,energy_burst,5,文本弱
428.3,428.8,0.5,0.2658,0.2639,high_freq_burst,5,文本弱
437.4,437.9,0.5,0.1985,0.147,energy_burst,0,文本弱
440.1,440.5,0.4,0.1734,0.0988,energy_burst,3,文本弱
441.1,441.7,0.6,0.2533,0.2114,strong_anomaly,5,文本弱
449.6,449.9,0.3,0.1807,0.0969,energy_burst,4,文本弱
451.7,452.0,0.3,0.1805,0.127,energy_burst,3,文本弱
452.3,452.8,0.5,0.1583,0.197,energy_burst,5,文本弱
461.2,461.5,0.3,0.2102,0.1357,energy_burst,5,文本弱
463.5,463.8,0.3,0.2596,0.3865,high_freq_burst,2,文本弱
464.4,464.9,0.5,0.2724,0.1639,energy_burst,4,文本弱
470.8,471.1,0.3,0.1782,0.3083,strong_anomaly,12,文本中
473.9,474.5,0.6,0.1914,0.3433,strong_anomaly,6,文本弱
475.0,475.3,0.3,0.2885,0.1395,energy_burst,3,文本弱
477.6,477.9,0.3,0.2625,0.1395,energy_burst,4,文本弱
492.4,492.7,0.3,0.1192,0.1288,energy_burst,7,文本弱
494.7,495.5,0.8,0.3435,0.2039,strong_anomaly,8,文本弱
497.7,498.0,0.3,0.3134,0.2489,high_freq_burst,5,文本弱
506.4,506.8,0.4,0.2271,0.1032,energy_burst,6,文本弱
511.2,511.7,0.5,0.2897,0.2164,strong_anomaly,0,文本弱
513.4,513.7,0.3,0.2121,0.3096,strong_anomaly,2,文本弱
519.2,519.5,0.3,0.1529,0.1395,energy_burst,7,文本弱
524.5,524.8,0.3,0.1903,0.1407,energy_burst,6,文本弱
528.8,529.3,0.5,0.2866,0.1226,energy_burst,14,文本中
535.0,535.5,0.5,0.2186,0.1457,energy_burst,9,文本中
558.0,558.3,0.3,0.2192,0.2752,strong_anomaly,1,文本弱
558.4,558.8,0.4,0.2164,0.1626,energy_burst,1,文本弱
567.0,567.3,0.3,0.2284,0.1639,energy_burst,7,文本弱
570.9,571.4,0.5,0.2342,0.1914,energy_burst,21,文本中
578.1,578.4,0.3,0.2087,0.2545,strong_anomaly,6,文本弱
581.2,581.5,0.3,0.2229,0.1676,energy_burst,6,文本弱
598.7,599.0,0.3,0.2649,0.132,energy_burst,3,文本弱
612.6,612.9,0.3,0.2192,0.0894,energy_burst,4,文本弱
613.5,613.8,0.3,0.2604,0.1038,energy_burst,2,文本弱
615.3,615.6,0.3,0.21,0.1982,energy_burst,0,文本弱
615.8,616.2,0.4,0.2204,0.1551,energy_burst,4,文本弱
622.2,622.5,0.3,0.1965,0.1176,energy_burst,0,文本弱
626.0,626.7,0.7,0.2597,0.2314,strong_anomaly,8,文本弱
633.2,633.5,0.3,0.2492,0.1276,energy_burst,3,文本弱
634.6,634.9,0.3,0.2466,0.2039,strong_anomaly,6,文本弱
638.8,639.1,0.3,0.226,0.1426,energy_burst,15,文本中
647.1,647.6,0.5,0.1929,0.1082,energy_burst,11,文本中
658.0,658.3,0.3,0.1295,0.2264,strong_anomaly,0,文本弱
660.1,660.4,0.3,0.1273,0.1144,energy_burst,3,文本弱
664.8,665.1,0.3,0.1797,0.1914,energy_burst,12,文本中
668.9,669.2,0.3,0.271,0.1182,energy_burst,6,文本弱
674.5,674.8,0.3,0.2391,0.2233,strong_anomaly,6,文本弱
675.0,675.5,0.5,0.3248,0.1532,energy_burst,6,文本弱
678.9,679.4,0.5,0.1767,0.1957,energy_burst,2,文本弱
679.9,680.2,0.3,0.2438,0.3283,high_freq_burst,6,文本弱
682.7,683.0,0.3,0.1936,0.1595,energy_burst,2,文本弱
694.4,695.3,0.9,0.2979,0.1676,energy_burst,4,文本弱
696.8,697.1,0.3,0.284,0.1357,energy_burst,7,文本弱
699.4,699.8,0.4,0.2434,0.1576,energy_burst,8,文本弱
714.8,715.7,0.9,0.2663,0.1951,energy_burst,12,文本中
718.9,719.2,0.3,0.3143,0.1388,energy_burst,8,文本弱
724.5,725.2,0.7,0.2285,0.2727,strong_anomaly,10,文本中
728.5,728.9,0.4,0.1829,0.1939,energy_burst,2,文本弱
734.3,735.2,0.9,0.2435,0.2389,strong_anomaly,14,文本中
738.2,738.6,0.4,0.2863,0.2639,strong_anomaly,6,文本弱
738.7,739.0,0.3,0.2766,0.1488,energy_burst,6,文本弱
740.8,741.7,0.9,0.2266,0.252,strong_anomaly,7,文本弱
744.3,744.7,0.4,0.2202,0.1751,energy_burst,11,文本中
753.9,754.3,0.4,0.2819,0.1882,energy_burst,5,文本弱
758.4,758.7,0.3,0.1645,0.1307,energy_burst,5,文本弱
759.2,759.5,0.3,0.2146,0.1313,energy_burst,3,文本弱
770.6,771.0,0.4,0.1918,0.1664,energy_burst,2,文本弱
773.8,774.3,0.5,0.2772,0.2026,strong_anomaly,14,文本中
776.6,776.9,0.3,0.2427,0.1363,energy_burst,6,文本弱
784.4,784.7,0.3,0.2755,0.1388,energy_burst,8,文本弱
785.5,785.8,0.3,0.2517,0.1482,energy_burst,0,文本弱
789.1,789.6,0.5,0.212,0.3771,strong_anomaly,7,文本弱
789.7,790.0,0.3,0.1862,0.127,energy_burst,7,文本弱
800.6,801.3,0.7,0.2188,0.3202,strong_anomaly,8,文本弱
804.4,804.8,0.4,0.2541,0.1757,energy_burst,3,文本弱
810.7,811.0,0.3,0.2471,0.1607,energy_burst,4,文本弱
813.5,814.3,0.8,0.3441,0.1288,energy_burst,4,文本弱
816.9,817.4,0.5,0.218,0.1513,energy_burst,7,文本弱
827.0,827.5,0.5,0.2181,0.192,energy_burst,6,文本弱
835.0,835.3,0.3,0.2661,0.1664,energy_burst,4,文本弱
840.5,841.2,0.7,0.3354,0.1407,energy_burst,10,文本中
845.3,845.8,0.5,0.2528,0.172,energy_burst,6,文本弱
850.0,850.3,0.3,0.1245,0.1745,energy_burst,4,文本弱
852.4,852.7,0.3,0.2009,0.1632,energy_burst,3,文本弱
853.8,854.1,0.3,0.3,0.1301,energy_burst,10,文本中
854.4,854.9,0.5,0.1987,0.1864,energy_burst,5,文本弱
856.1,856.4,0.3,0.2488,0.1357,energy_burst,9,文本中
858.3,858.7,0.4,0.2547,0.1251,energy_burst,2,文本弱
864.7,865.2,0.5,0.1894,0.162,energy_burst,5,文本弱
868.2,868.7,0.5,0.305,0.1563,energy_burst,2,文本弱
872.4,872.8,0.4,0.2753,0.1588,energy_burst,4,文本弱
873.7,874.2,0.5,0.276,0.2795,strong_anomaly,8,文本弱
876.5,876.8,0.3,0.1554,0.3752,strong_anomaly,2,文本弱
884.9,885.6,0.7,0.2163,0.1701,energy_burst,15,文本中
898.2,898.6,0.4,0.2676,0.1632,energy_burst,0,文本弱
903.1,903.4,0.3,0.2194,0.1538,energy_burst,2,文本弱
905.3,905.8,0.5,0.2156,0.2039,strong_anomaly,2,文本弱
907.4,907.7,0.3,0.1908,0.237,strong_anomaly,5,文本弱
912.6,913.3,0.7,0.2754,0.1857,energy_burst,9,文本中
927.3,927.7,0.4,0.1599,0.1126,energy_burst,3,文本弱
938.8,939.3,0.5,0.2603,0.1776,energy_burst,6,文本弱
944.4,944.8,0.4,0.2263,0.2702,strong_anomaly,5,文本弱
951.2,951.6,0.4,0.1931,0.1457,energy_burst,3,文本弱
954.4,954.8,0.4,0.1785,0.1357,energy_burst,0,文本弱
966.2,966.6,0.4,0.191,0.2814,strong_anomaly,10,文本中
968.8,969.3,0.5,0.2687,0.2083,strong_anomaly,10,文本中
969.9,970.2,0.3,0.1306,0.2308,high_freq_burst,6,文本弱
977.0,977.5,0.5,0.2143,0.1657,energy_burst,8,文本弱
982.6,982.9,0.3,0.2789,0.1614,energy_burst,2,文本弱
985.7,986.7,1.0,0.2435,0.2433,strong_anomaly,17,文本中
992.9,993.2,0.3,0.1926,0.1545,energy_burst,9,文本中
997.3,997.6,0.3,0.3456,0.1757,energy_burst,8,文本弱
1009.2,1009.7,0.5,0.238,0.1382,energy_burst,4,文本弱
1010.4,1010.8,0.4,0.2053,0.2452,strong_anomaly,3,文本弱
1013.8,1014.5,0.7,0.3144,0.1557,energy_burst,13,文本中
1014.6,1014.9,0.3,0.2058,0.3865,high_freq_burst,6,文本弱
1018.9,1019.3,0.4,0.1784,0.122,energy_burst,9,文本中
1023.6,1024.0,0.4,0.2241,0.3221,strong_anomaly,8,文本弱
1028.3,1028.6,0.3,0.1736,0.1438,energy_burst,4,文本弱
1028.8,1029.3,0.5,0.174,0.1482,energy_burst,4,文本弱
1031.6,1032.1,0.5,0.2983,0.1864,energy_burst,18,文本中
1032.2,1032.7,0.5,0.2336,0.2101,strong_anomaly,13,文本中
1035.7,1036.0,0.3,0.2405,0.2158,strong_anomaly,3,文本弱
1049.4,1050.2,0.8,0.2091,0.2508,strong_anomaly,18,文本中
1054.6,1055.2,0.6,0.2076,0.1407,energy_burst,13,文本中
1062.2,1062.6,0.4,0.2311,0.1964,energy_burst,6,文本弱
1071.5,1071.8,0.3,0.2054,0.2664,strong_anomaly,12,文本中
1072.2,1072.5,0.3,0.212,0.3152,high_freq_burst,12,文本中
1082.5,1082.8,0.3,0.3279,0.1676,energy_burst,6,文本弱
1086.0,1086.3,0.3,0.227,0.157,energy_burst,7,文本弱
1086.4,1086.7,0.3,0.22,0.1889,energy_burst,7,文本弱
1089.0,1089.4,0.4,0.2414,0.2351,strong_anomaly,11,文本中
1089.5,1089.9,0.4,0.2424,0.1288,energy_burst,11,文本中
1096.1,1096.6,0.5,0.2985,0.1939,energy_burst,4,文本弱
1097.1,1097.6,0.5,0.319,0.1238,energy_burst,3,文本弱
1099.8,1100.1,0.3,0.2493,0.1689,energy_burst,8,文本弱
1100.5,1101.1,0.6,0.2595,0.177,energy_burst,12,文本中
1105.9,1106.7,0.8,0.2267,0.1682,energy_burst,6,文本弱
1119.1,1119.5,0.4,0.1871,0.2627,strong_anomaly,7,文本弱
1127.7,1128.1,0.4,0.1643,0.3002,strong_anomaly,14,文本中
1128.5,1128.8,0.3,0.1627,0.132,energy_burst,7,文本弱
1136.3,1136.6,0.3,0.1807,0.2176,strong_anomaly,9,文本中
1139.1,1139.5,0.4,0.2602,0.1682,energy_burst,8,文本弱
1147.9,1148.3,0.4,0.2183,0.2733,strong_anomaly,8,文本弱
1158.2,1158.5,0.3,0.1785,0.1194,energy_burst,6,文本弱
1168.4,1168.7,0.3,0.2834,0.1588,energy_burst,3,文本弱
1169.7,1170.0,0.3,0.2982,0.217,strong_anomaly,2,文本弱
1171.6,1172.1,0.5,0.3277,0.1764,energy_burst,8,文本弱
1182.8,1183.1,0.3,0.3703,0.1463,energy_burst,10,文本中
1186.7,1187.1,0.4,0.3382,0.4109,strong_anomaly,13,文本中
1198.6,1199.1,0.5,0.2826,0.2214,strong_anomaly,10,文本中
1203.1,1204.1,1.0,0.2832,0.242,strong_anomaly,13,文本中
1207.9,1208.5,0.6,0.1927,0.2276,strong_anomaly,8,文本弱
1213.2,1213.6,0.4,0.2085,0.1926,energy_burst,3,文本弱
1214.8,1215.4,0.6,0.2464,0.1976,energy_burst,6,文本弱
1221.0,1221.7,0.7,0.212,0.227,strong_anomaly,10,文本中
1227.5,1228.0,0.5,0.2715,0.3058,strong_anomaly,2,文本弱
1231.9,1232.2,0.3,0.2462,0.2345,strong_anomaly,10,文本中
1232.3,1232.7,0.4,0.261,0.2176,strong_anomaly,7,文本弱
1240.8,1241.1,0.3,0.1401,0.1401,energy_burst,10,文本中
1253.2,1254.3,1.1,0.2875,0.2339,strong_anomaly,11,文本中
1259.5,1259.8,0.3,0.3045,0.2064,strong_anomaly,2,文本弱
1260.3,1260.6,0.3,0.2427,0.232,strong_anomaly,3,文本弱
1260.8,1261.1,0.3,0.3073,0.1732,energy_burst,3,文本弱
1264.8,1265.1,0.3,0.2376,0.1595,energy_burst,15,文本中
1265.4,1265.9,0.5,0.3389,0.1438,energy_burst,8,文本弱
1283.0,1283.4,0.4,0.2708,0.2652,strong_anomaly,0,文本弱
1285.2,1285.8,0.6,0.2816,0.1601,energy_burst,2,文本弱
1286.3,1286.6,0.3,0.1665,0.2458,strong_anomaly,2,文本弱
1287.8,1288.1,0.3,0.2592,0.1445,energy_burst,3,文本弱
1289.6,1289.9,0.3,0.182,0.2414,strong_anomaly,4,文本弱
1292.7,1293.0,0.3,0.2797,0.1588,energy_burst,5,文本弱
1293.4,1293.8,0.4,0.2922,0.2045,strong_anomaly,4,文本弱
1298.3,1298.6,0.3,0.3123,0.1732,energy_burst,2,文本弱
1299.9,1300.2,0.3,0.3303,0.3896,strong_anomaly,14,文本中
1301.1,1301.4,0.3,0.2344,0.2233,high_freq_burst,7,文本弱
1303.1,1303.4,0.3,0.1893,0.1557,energy_burst,7,文本弱
1305.5,1306.3,0.8,0.3011,0.1957,energy_burst,4,文本弱
1313.1,1313.5,0.4,0.4128,0.2483,high_freq_burst,3,文本弱
1317.4,1318.2,0.8,0.2836,0.3133,strong_anomaly,10,文本中
1336.2,1336.5,0.3,0.214,0.2114,strong_anomaly,10,文本中
1336.9,1337.2,0.3,0.1761,0.2145,strong_anomaly,10,文本中
1362.1,1362.4,0.3,0.1705,0.1432,energy_burst,7,文本弱
1364.3,1364.6,0.3,0.1929,0.3527,strong_anomaly,8,文本弱
1369.8,1370.1,0.3,0.1788,0.3765,high_freq_burst,9,文本中
1388.4,1389.2,0.8,0.2642,0.2414,strong_anomaly,7,文本弱
1399.3,1400.0,0.7,0.2087,0.2164,strong_anomaly,12,文本中
1410.1,1410.4,0.3,0.2654,0.2364,strong_anomaly,11,文本中
1414.7,1415.1,0.4,0.255,0.1914,energy_burst,8,文本弱
1419.1,1419.5,0.4,0.1945,0.217,strong_anomaly,9,文本中
1422.4,1423.2,0.8,0.2797,0.3221,strong_anomaly,13,文本中
1425.8,1426.7,0.9,0.2992,0.2301,strong_anomaly,7,文本弱
1428.6,1428.9,0.3,0.3488,0.2308,high_freq_burst,6,文本弱
1437.8,1438.4,0.6,0.3137,0.2333,strong_anomaly,8,文本弱
1438.5,1438.8,0.3,0.2595,0.2639,strong_anomaly,5,文本弱
1441.8,1442.1,0.3,0.26,0.1976,energy_burst,12,文本中
1442.2,1442.7,0.5,0.1965,0.1307,energy_burst,3,文本弱
1449.0,1449.5,0.5,0.2441,0.2589,strong_anomaly,3,文本弱
1455.6,1456.1,0.5,0.3086,0.177,energy_burst,9,文本中
1456.2,1456.5,0.3,0.1888,0.137,energy_burst,4,文本弱
1472.3,1472.7,0.4,0.1622,0.2952,strong_anomaly,7,文本弱
1475.6,1476.4,0.8,0.2839,0.1207,energy_burst,11,文本中
1500.9,1501.2,0.3,0.3189,0.1282,energy_burst,2,文本弱
1503.5,1503.8,0.3,0.3196,0.1926,energy_burst,2,文本弱
1504.5,1504.9,0.4,0.2806,0.1194,energy_burst,3,文本弱
1506.0,1506.4,0.4,0.3411,0.2858,strong_anomaly,5,文本弱
1506.5,1506.8,0.3,0.2319,0.1401,energy_burst,5,文本弱
1512.9,1513.2,0.3,0.1834,0.0994,energy_burst,13,文本中
1513.6,1513.9,0.3,0.1778,0.0882,energy_burst,3,文本弱
1515.3,1515.6,0.3,0.3289,0.1401,energy_burst,3,文本弱
1515.8,1516.3,0.5,0.2342,0.1438,energy_burst,13,文本中
1519.1,1519.4,0.3,0.2472,0.1088,energy_burst,6,文本弱
1527.7,1528.6,0.9,0.2893,0.2164,strong_anomaly,13,文本中
1535.3,1535.7,0.4,0.2728,0.2602,strong_anomaly,4,文本弱
1535.9,1536.4,0.5,0.2586,0.3396,strong_anomaly,4,文本弱
1554.3,1554.6,0.3,0.2182,0.1445,energy_burst,8,文本弱
1568.4,1568.8,0.4,0.1753,0.2558,strong_anomaly,7,文本弱
1574.5,1574.9,0.4,0.1777,0.1889,energy_burst,3,文本弱
1592.6,1592.9,0.3,0.1855,0.157,energy_burst,4,文本弱
1597.9,1598.2,0.3,0.1363,0.1563,energy_burst,7,文本弱
1615.5,1615.8,0.3,0.1906,0.1438,energy_burst,2,文本弱
1615.9,1616.6,0.7,0.294,0.2814,strong_anomaly,8,文本弱
1617.7,1618.1,0.4,0.1434,0.2971,high_freq_burst,14,文本中
1624.9,1625.2,0.3,0.1278,0.2045,strong_anomaly,9,文本中
1632.9,1633.3,0.4,0.3418,0.1326,energy_burst,6,文本弱
1634.8,1635.4,0.6,0.2521,0.2433,strong_anomaly,6,文本弱
1639.0,1639.9,0.9,0.2452,0.2251,strong_anomaly,9,文本中
1643.9,1644.2,0.3,0.238,0.2395,strong_anomaly,7,文本弱
1644.3,1644.8,0.5,0.217,0.1463,energy_burst,7,文本弱
1649.8,1650.9,1.1,0.2644,0.2264,strong_anomaly,9,文本中
1665.8,1666.1,0.3,0.2375,0.1601,energy_burst,3,文本弱
1671.1,1671.5,0.4,0.3361,0.2026,strong_anomaly,12,文本中
1674.8,1675.2,0.4,0.1905,0.2889,strong_anomaly,12,文本中
1698.2,1698.7,0.5,0.1926,0.3571,strong_anomaly,9,文本中
1705.2,1705.7,0.5,0.1966,0.1501,energy_burst,5,文本弱
1707.4,1707.8,0.4,0.2048,0.1532,energy_burst,6,文本弱
1711.8,1712.2,0.4,0.2702,0.2339,strong_anomaly,4,文本弱
1712.3,1712.8,0.5,0.3297,0.2176,strong_anomaly,4,文本弱
1715.5,1715.8,0.3,0.2906,0.1401,energy_burst,2,文本弱
1716.3,1716.8,0.5,0.3206,0.2458,strong_anomaly,2,文本弱
1725.3,1725.7,0.4,0.3555,0.3164,strong_anomaly,9,文本中
1725.8,1726.1,0.3,0.2538,0.359,high_freq_burst,9,文本中
1727.7,1728.0,0.3,0.1932,0.262,high_freq_burst,1,文本弱
1730.6,1731.0,0.4,0.2346,0.1876,energy_burst,8,文本弱
1732.6,1732.9,0.3,0.1895,0.1182,energy_burst,5,文本弱
1743.6,1743.9,0.3,0.2673,0.1739,energy_burst,2,文本弱
1744.1,1744.6,0.5,0.1579,0.3039,strong_anomaly,6,文本弱
1755.1,1755.8,0.7,0.2966,0.3021,strong_anomaly,5,文本弱
1757.8,1758.9,1.1,0.3235,0.2689,strong_anomaly,8,文本弱
1761.4,1762.1,0.7,0.3088,0.152,energy_burst,8,文本弱
1762.3,1762.6,0.3,0.2669,0.2014,strong_anomaly,6,文本弱
1772.3,1772.7,0.4,0.2295,0.1957,energy_burst,2,文本弱
1773.0,1773.5,0.5,0.2731,0.1207,energy_burst,3,文本弱
1779.5,1779.8,0.3,0.2765,0.2151,strong_anomaly,8,文本弱
1780.6,1781.0,0.4,0.1862,0.4046,high_freq_burst,8,文本弱
1786.8,1787.1,0.3,0.2003,0.152,energy_burst,9,文本中
1796.9,1797.4,0.5,0.34,0.2839,strong_anomaly,7,文本弱
1827.1,1827.4,0.3,0.1643,0.1038,energy_burst,6,文本弱
1830.4,1830.8,0.4,0.1715,0.1651,energy_burst,8,文本弱
1835.4,1835.9,0.5,0.2624,0.1557,energy_burst,9,文本中
1837.3,1837.8,0.5,0.2833,0.1914,energy_burst,6,文本弱
1840.8,1841.8,1.0,0.2981,0.2295,strong_anomaly,9,文本中
1861.3,1861.6,0.3,0.2529,0.1126,energy_burst,8,文本弱
1864.9,1865.2,0.3,0.2494,0.1895,energy_burst,11,文本中
1873.2,1873.8,0.6,0.1995,0.1639,energy_burst,7,文本弱
1873.9,1874.3,0.4,0.2797,0.2058,strong_anomaly,10,文本中
1877.2,1877.5,0.3,0.3442,0.2239,strong_anomaly,3,文本弱
1877.9,1878.3,0.4,0.2542,0.2276,strong_anomaly,9,文本中
1883.4,1883.7,0.3,0.1819,0.3796,high_freq_burst,7,文本弱
1898.8,1899.1,0.3,0.2489,0.2308,strong_anomaly,8,文本弱
1899.2,1899.5,0.3,0.2327,0.2402,strong_anomaly,2,文本弱
1899.6,1899.9,0.3,0.2276,0.2527,strong_anomaly,2,文本弱
1912.2,1913.3,1.1,0.376,0.1995,energy_burst,5,文本弱
1913.8,1914.1,0.3,0.2555,0.2964,high_freq_burst,10,文本中
1918.8,1919.4,0.6,0.1894,0.2614,strong_anomaly,16,文本中
1923.2,1924.1,0.9,0.2652,0.1989,energy_burst,9,文本中
1937.5,1937.8,0.3,0.1784,0.1088,energy_burst,5,文本弱
1949.3,1949.6,0.3,0.3099,0.1413,energy_burst,2,文本弱
1950.1,1950.4,0.3,0.2864,0.2264,strong_anomaly,2,文本弱
1954.4,1954.7,0.3,0.2202,0.2164,strong_anomaly,3,文本弱
1957.5,1957.9,0.4,0.296,0.1995,energy_burst,2,文本弱
1958.5,1958.8,0.3,0.2186,0.1407,energy_burst,5,文本弱
1978.5,1978.8,0.3,0.2637,0.1832,energy_burst,2,文本弱
1979.5,1980.0,0.5,0.2154,0.2108,strong_anomaly,7,文本弱
1995.2,1995.8,0.6,0.2137,0.142,energy_burst,8,文本弱
2017.0,2017.9,0.9,0.2351,0.2326,strong_anomaly,3,文本弱
2026.0,2026.5,0.5,0.2218,0.1682,energy_burst,4,文本弱
2037.6,2038.0,0.4,0.3399,0.2276,strong_anomaly,2,文本弱
2041.3,2041.7,0.4,0.22,0.177,energy_burst,4,文本弱
2041.8,2042.2,0.4,0.2769,0.1995,energy_burst,9,文本中
2042.7,2043.0,0.3,0.215,0.2777,high_freq_burst,5,文本弱
2043.1,2043.4,0.3,0.2819,0.2364,high_freq_burst,2,文本弱
2045.5,2046.1,0.6,0.3218,0.2958,strong_anomaly,10,文本中
2048.8,2049.1,0.3,0.3138,0.2939,high_freq_burst,14,文本中
2055.6,2055.9,0.3,0.2679,0.2527,high_freq_burst,1,文本弱
2057.8,2058.1,0.3,0.1801,0.1351,energy_burst,5,文本弱
2058.3,2058.6,0.3,0.214,0.1995,energy_burst,3,文本弱
2060.8,2061.1,0.3,0.1479,0.1495,energy_burst,4,文本弱
2063.1,2063.4,0.3,0.2108,0.2064,strong_anomaly,2,文本弱
2064.4,2064.7,0.3,0.2771,0.2589,strong_anomaly,4,文本弱
2069.7,2070.5,0.8,0.2931,0.2539,strong_anomaly,8,文本弱
2071.3,2071.6,0.3,0.1399,0.2314,high_freq_burst,3,文本弱
2075.1,2075.4,0.3,0.171,0.2195,strong_anomaly,4,文本弱
2076.6,2076.9,0.3,0.2708,0.1507,energy_burst,3,文本弱
2080.6,2081.7,1.1,0.3429,0.2477,strong_anomaly,4,文本弱
2086.0,2086.3,0.3,0.324,0.1695,energy_burst,3,文本弱
2087.9,2088.3,0.4,0.2776,0.192,energy_burst,3,文本弱
2094.3,2094.9,0.6,0.259,0.2639,strong_anomaly,5,文本弱
2095.0,2095.3,0.3,0.2442,0.217,strong_anomaly,5,文本弱
2100.2,2100.6,0.4,0.1647,0.1676,energy_burst,2,文本弱
2100.7,2101.1,0.4,0.2925,0.1789,energy_burst,4,文本弱
2110.8,2111.1,0.3,0.2807,0.1188,energy_burst,10,文本中
2116.0,2116.5,0.5,0.2083,0.1595,energy_burst,10,文本中
2119.4,2119.7,0.3,0.3313,0.2076,strong_anomaly,1,文本弱
2123.1,2124.0,0.9,0.2618,0.157,energy_burst,3,文本弱
2145.5,2146.2,0.7,0.277,0.1626,energy_burst,13,文本中
2152.3,2152.6,0.3,0.1801,0.2083,strong_anomaly,3,文本弱
2158.8,2159.1,0.3,0.2408,0.2745,strong_anomaly,22,文本中
2172.7,2173.5,0.8,0.238,0.1839,energy_burst,8,文本弱
2176.3,2177.0,0.7,0.3184,0.3727,strong_anomaly,10,文本中
2183.1,2183.8,0.7,0.3926,0.2502,strong_anomaly,6,文本弱
2183.9,2184.2,0.3,0.1791,0.3446,strong_anomaly,14,文本中
2187.1,2187.4,0.3,0.229,0.1263,energy_burst,5,文本弱
2188.2,2188.5,0.3,0.2684,0.2026,strong_anomaly,5,文本弱
2191.6,2192.0,0.4,0.2925,0.1563,energy_burst,9,文本中
2204.6,2205.1,0.5,0.2964,0.2639,strong_anomaly,9,文本中
2209.1,2209.4,0.3,0.1398,0.2714,strong_anomaly,4,文本弱
2224.4,2225.1,0.7,0.2213,0.2108,high_freq_burst,12,文本中
2238.4,2239.0,0.6,0.2385,0.329,strong_anomaly,3,文本弱
2239.5,2239.8,0.3,0.2268,0.122,energy_burst,3,文本弱
2240.4,2240.7,0.3,0.2127,0.252,high_freq_burst,6,文本弱
2242.3,2243.2,0.9,0.2299,0.3271,strong_anomaly,8,文本弱
2244.8,2245.5,0.7,0.3233,0.4659,strong_anomaly,12,文本中
2246.7,2247.0,0.3,0.2232,0.2226,high_freq_burst,3,文本弱
2248.0,2248.3,0.3,0.1261,0.277,high_freq_burst,5,文本弱
2248.4,2249.1,0.7,0.2254,0.359,high_freq_burst,10,文本中
2249.5,2249.8,0.3,0.1423,0.2789,high_freq_burst,5,文本弱
2256.1,2256.4,0.3,0.2129,0.2652,strong_anomaly,8,文本弱
2261.5,2261.8,0.3,0.1501,0.1082,energy_burst,10,文本中
2271.4,2271.7,0.3,0.1783,0.2558,strong_anomaly,7,文本弱
2274.9,2275.4,0.5,0.3207,0.2739,high_freq_burst,10,文本中
2280.2,2280.5,0.3,0.3414,0.1438,energy_burst,5,文本弱
2280.7,2281.1,0.4,0.2856,0.1151,energy_burst,14,文本中
2285.0,2285.3,0.3,0.146,0.0882,energy_burst,5,文本弱
2294.2,2294.6,0.4,0.152,0.2745,high_freq_burst,7,文本弱
2297.7,2298.0,0.3,0.3384,0.2645,strong_anomaly,7,文本弱
2309.6,2310.4,0.8,0.2208,0.1932,energy_burst,13,文本中
2313.3,2313.6,0.3,0.1956,0.1019,energy_burst,0,文本弱
2319.0,2319.4,0.4,0.1972,0.2639,strong_anomaly,2,文本弱
2319.6,2320.1,0.5,0.2324,0.1795,energy_burst,8,文本弱
2323.1,2323.5,0.4,0.2707,0.1639,energy_burst,5,文本弱
2325.9,2326.2,0.3,0.1607,0.1395,energy_burst,8,文本弱
2327.0,2327.6,0.6,0.1445,0.2395,strong_anomaly,6,文本弱
2347.6,2347.9,0.3,0.1372,0.1345,energy_burst,4,文本弱
2350.5,2350.8,0.3,0.2282,0.3352,high_freq_burst,7,文本弱
2364.4,2364.7,0.3,0.295,0.2133,strong_anomaly,2,文本弱
2375.0,2375.6,0.6,0.3227,0.1476,energy_burst,0,文本弱
2376.9,2377.2,0.3,0.1653,0.1345,energy_burst,6,文本弱
2378.4,2379.4,1.0,0.3547,0.3884,strong_anomaly,11,文本中
2385.8,2386.4,0.6,0.2491,0.0907,energy_burst,12,文本中
2386.5,2386.9,0.4,0.1995,0.1176,energy_burst,9,文本中
2389.4,2389.8,0.4,0.2839,0.1739,energy_burst,9,文本中
2396.9,2397.9,1.0,0.2933,0.1107,energy_burst,11,文本中
2408.2,2408.5,0.3,0.1283,0.1251,energy_burst,3,文本弱
2460.0,2460.5,0.5,0.219,0.2233,strong_anomaly,15,文本中
2477.5,2477.8,0.3,0.355,0.2364,high_freq_burst,3,文本弱
2479.0,2479.5,0.5,0.271,0.2577,strong_anomaly,0,文本弱
2480.1,2480.4,0.3,0.3241,0.192,energy_burst,1,文本弱
2487.6,2487.9,0.3,0.2452,0.1545,energy_burst,3,文本弱
2488.7,2489.1,0.4,0.3036,0.162,energy_burst,6,文本弱
2493.6,2494.0,0.4,0.3201,0.1689,energy_burst,3,文本弱
2495.1,2495.6,0.5,0.2867,0.2539,strong_anomaly,3,文本弱
2495.8,2496.3,0.5,0.2748,0.2577,strong_anomaly,6,文本弱
2499.6,2500.1,0.5,0.3112,0.1795,energy_burst,12,文本中
2504.2,2504.5,0.3,0.1719,0.1345,energy_burst,0,文本弱
2508.7,2509.1,0.4,0.2501,0.1463,energy_burst,7,文本弱
2510.2,2510.7,0.5,0.279,0.1776,energy_burst,10,文本中
2510.8,2511.2,0.4,0.1582,0.1182,energy_burst,16,文本中
2514.3,2514.7,0.4,0.2589,0.2614,strong_anomaly,1,文本弱
2517.5,2517.8,0.3,0.1867,0.2245,high_freq_burst,5,文本弱
2522.7,2523.5,0.8,0.3677,0.2452,strong_anomaly,6,文本弱
2530.8,2531.4,0.6,0.3636,0.2783,strong_anomaly,13,文本中
2531.8,2532.1,0.3,0.2626,0.1876,energy_burst,14,文本中
2535.4,2535.7,0.3,0.1679,0.1614,energy_burst,5,文本弱
2538.4,2538.8,0.4,0.2805,0.2595,strong_anomaly,8,文本弱
2543.5,2544.3,0.8,0.2718,0.2258,strong_anomaly,8,文本弱
2547.4,2547.7,0.3,0.2297,0.1163,energy_burst,7,文本弱
2547.9,2548.3,0.4,0.2793,0.1776,energy_burst,14,文本中
2563.0,2563.3,0.3,0.1638,0.1538,energy_burst,6,文本弱
2571.1,2571.4,0.3,0.1858,0.1845,energy_burst,3,文本弱
2578.5,2578.9,0.4,0.1854,0.1945,energy_burst,7,文本弱
2590.2,2590.5,0.3,0.2962,0.1832,energy_burst,2,文本弱
2592.6,2593.0,0.4,0.2488,0.2233,strong_anomaly,2,文本弱
2593.4,2593.8,0.4,0.2062,0.2445,strong_anomaly,2,文本弱
2596.6,2596.9,0.3,0.1872,0.2739,high_freq_burst,5,文本弱
2599.5,2599.9,0.4,0.215,0.1438,energy_burst,2,文本弱
2603.3,2603.6,0.3,0.3244,0.1551,energy_burst,1,文本弱
2604.5,2605.3,0.8,0.2977,0.2358,high_freq_burst,7,文本弱
2609.7,2610.1,0.4,0.1686,0.2683,strong_anomaly,2,文本弱
2625.5,2626.2,0.7,0.2826,0.1507,energy_burst,14,文本中
2630.1,2630.8,0.7,0.2214,0.1345,energy_burst,9,文本中
2643.1,2643.5,0.4,0.2266,0.137,energy_burst,3,文本弱
2647.2,2647.5,0.3,0.1339,0.1169,energy_burst,5,文本弱
2652.9,2653.2,0.3,0.1843,0.1338,energy_burst,8,文本弱
2654.8,2655.3,0.5,0.2848,0.2983,strong_anomaly,8,文本弱
2659.4,2659.7,0.3,0.274,0.247,strong_anomaly,4,文本弱
2664.2,2664.6,0.4,0.3099,0.2552,high_freq_burst,4,文本弱
2685.4,2686.0,0.6,0.248,0.1951,energy_burst,9,文本中
2686.1,2686.4,0.3,0.1934,0.0988,energy_burst,9,文本中
2688.4,2688.8,0.4,0.1772,0.1676,energy_burst,8,文本弱
2690.8,2691.1,0.3,0.1869,0.2239,strong_anomaly,12,文本中
2694.6,2695.0,0.4,0.1397,0.1726,energy_burst,6,文本弱
2695.1,2695.5,0.4,0.2516,0.1807,energy_burst,6,文本弱
2696.7,2697.3,0.6,0.272,0.1932,energy_burst,12,文本中
2700.3,2700.6,0.3,0.1536,0.207,strong_anomaly,10,文本中
2704.8,2705.2,0.4,0.236,0.2151,strong_anomaly,8,文本弱
2705.9,2706.2,0.3,0.2239,0.1451,energy_burst,12,文本中
2711.7,2712.0,0.3,0.3382,0.1495,energy_burst,8,文本弱
2726.0,2726.3,0.3,0.2271,0.1682,energy_burst,0,文本弱
2737.1,2737.4,0.3,0.2346,0.1507,energy_burst,2,文本弱
2738.4,2738.7,0.3,0.1933,0.3258,strong_anomaly,6,文本弱
2738.8,2739.2,0.4,0.2607,0.1076,energy_burst,15,文本中
2739.8,2740.2,0.4,0.2759,0.1245,energy_burst,9,文本中
2747.6,2748.2,0.6,0.3118,0.1526,energy_burst,7,文本弱
2748.4,2748.8,0.4,0.2408,0.2095,strong_anomaly,5,文本弱
2753.0,2753.5,0.5,0.2706,0.3089,strong_anomaly,7,文本弱
2760.5,2760.9,0.4,0.1612,0.1732,energy_burst,10,文本中
2762.6,2763.1,0.5,0.1989,0.1795,energy_burst,12,文本中
2764.0,2764.4,0.4,0.2099,0.1745,energy_burst,7,文本弱
2765.9,2766.4,0.5,0.1863,0.197,energy_burst,8,文本弱
2766.7,2767.0,0.3,0.1415,0.2008,strong_anomaly,4,文本弱
2770.1,2770.4,0.3,0.1897,0.1632,energy_burst,10,文本中
2770.5,2770.8,0.3,0.178,0.1689,energy_burst,10,文本中
2770.9,2771.4,0.5,0.2111,0.2008,high_freq_burst,16,文本中
2773.9,2774.2,0.3,0.188,0.1926,energy_burst,7,文本弱
2790.3,2790.6,0.3,0.2095,0.1964,energy_burst,3,文本弱
2792.2,2792.5,0.3,0.322,0.2026,strong_anomaly,5,文本弱
2802.7,2803.0,0.3,0.2906,0.2164,strong_anomaly,2,文本弱
2803.2,2803.7,0.5,0.3165,0.1807,energy_burst,4,文本弱
2807.0,2807.6,0.6,0.2187,0.1507,energy_burst,7,文本弱
2807.8,2808.1,0.3,0.3069,0.1645,energy_burst,9,文本中
2819.7,2820.1,0.4,0.2422,0.1695,energy_burst,10,文本中
2823.3,2823.6,0.3,0.2573,0.4941,high_freq_burst,4,文本弱
2826.9,2827.4,0.5,0.2009,0.2264,strong_anomaly,4,文本弱
2832.1,2832.8,0.7,0.323,0.1614,energy_burst,2,文本弱
2837.0,2837.3,0.3,0.3144,0.152,energy_burst,2,文本弱
2837.4,2837.9,0.5,0.322,0.3921,strong_anomaly,2,文本弱
2841.0,2841.4,0.4,0.277,0.1445,energy_burst,4,文本弱
2844.4,2844.7,0.3,0.2489,0.1232,energy_burst,6,文本弱
2848.2,2848.5,0.3,0.2467,0.2533,strong_anomaly,2,文本弱
2850.1,2850.5,0.4,0.2108,0.1176,energy_burst,2,文本弱
2853.1,2853.4,0.3,0.1909,0.162,energy_burst,5,文本弱
2870.0,2870.5,0.5,0.1684,0.267,strong_anomaly,3,文本弱
2870.8,2871.3,0.5,0.216,0.2639,high_freq_burst,5,文本弱
2872.4,2872.8,0.4,0.3403,0.2139,strong_anomaly,2,文本弱
2873.2,2873.8,0.6,0.235,0.3071,strong_anomaly,11,文本中
2878.5,2878.8,0.3,0.3056,0.1839,energy_burst,16,文本中
2879.3,2879.9,0.6,0.2954,0.2033,strong_anomaly,16,文本中
2887.9,2888.2,0.3,0.2673,0.1939,energy_burst,9,文本中
2891.6,2892.0,0.4,0.1506,0.1651,energy_burst,7,文本弱
2898.4,2898.9,0.5,0.229,0.1263,energy_burst,6,文本弱
2900.7,2901.0,0.3,0.1726,0.237,strong_anomaly,16,文本中
2901.1,2901.6,0.5,0.2841,0.3252,strong_anomaly,16,文本中
2901.7,2902.2,0.5,0.2132,0.3521,high_freq_burst,16,文本中
2905.2,2905.5,0.3,0.223,0.1695,energy_burst,17,文本中
2911.5,2911.8,0.3,0.2009,0.162,energy_burst,18,文本中
2923.7,2924.0,0.3,0.2867,0.1376,energy_burst,17,文本中
2926.9,2927.5,0.6,0.2949,0.2014,strong_anomaly,28,文本中
2927.6,2928.0,0.4,0.3038,0.1426,energy_burst,28,文本中
2932.7,2933.0,0.3,0.3047,0.1345,energy_burst,20,文本中
2934.1,2934.7,0.6,0.3042,0.1664,energy_burst,20,文本中
2945.2,2945.6,0.4,0.1832,0.1739,energy_burst,8,文本弱
2947.2,2947.7,0.5,0.2633,0.242,strong_anomaly,24,文本中
2950.4,2950.7,0.3,0.2687,0.2689,high_freq_burst,20,文本中
2954.1,2954.5,0.4,0.1645,0.1545,energy_burst,21,文本中
2961.4,2961.9,0.5,0.3371,0.1895,energy_burst,5,文本弱
2967.8,2968.6,0.8,0.2831,0.2283,strong_anomaly,36,文本强
2973.7,2974.0,0.3,0.2699,0.2996,strong_anomaly,19,文本中
2975.4,2975.7,0.3,0.2328,0.2658,high_freq_burst,19,文本中
2983.4,2983.9,0.5,0.3147,0.142,energy_burst,1,文本弱
2987.2,2988.1,0.9,0.3032,0.2677,strong_anomaly,8,文本弱
2997.1,2997.9,0.8,0.4011,0.1664,energy_burst,0,文本弱
2999.6,3000.0,0.4,0.1994,0.1814,energy_burst,6,文本弱
3000.2,3000.8,0.6,0.4163,0.1807,energy_burst,2,文本弱
3005.1,3005.4,0.3,0.3808,0.1701,energy_burst,7,文本弱
3007.7,3008.1,0.4,0.3803,0.1795,energy_burst,23,文本中
3016.4,3016.9,0.5,0.3862,0.182,energy_burst,2,文本弱
3028.1,3028.4,0.3,0.1378,0.1789,energy_burst,16,文本中
3029.1,3029.9,0.8,0.3672,0.2233,strong_anomaly,16,文本中
3034.2,3034.6,0.4,0.3314,0.1632,energy_burst,1,文本弱
3035.1,3035.4,0.3,0.2058,0.3552,strong_anomaly,3,文本弱
3037.7,3038.1,0.4,0.2082,0.2295,strong_anomaly,7,文本弱
3043.0,3043.4,0.4,0.1981,0.1326,energy_burst,9,文本中
3044.8,3045.3,0.5,0.3304,0.257,strong_anomaly,17,文本中
3051.2,3051.9,0.7,0.2708,0.1482,energy_burst,18,文本中
3056.4,3057.1,0.7,0.1689,0.1632,energy_burst,13,文本中
3060.0,3060.4,0.4,0.1861,0.2652,strong_anomaly,11,文本中
3063.9,3064.2,0.3,0.3075,0.1551,energy_burst,14,文本中
3065.3,3066.3,1.0,0.2808,0.2633,strong_anomaly,25,文本中
3071.7,3072.5,0.8,0.22,0.257,strong_anomaly,9,文本中
3074.0,3074.6,0.6,0.2696,0.2558,high_freq_burst,13,文本中
3076.2,3076.5,0.3,0.1679,0.2683,high_freq_burst,13,文本中
3083.9,3084.5,0.6,0.3227,0.2326,strong_anomaly,7,文本弱
3085.1,3085.4,0.3,0.2876,0.1338,energy_burst,10,文本中
3087.9,3088.2,0.3,0.1988,0.3139,strong_anomaly,11,文本中
3089.1,3089.5,0.4,0.3246,0.1876,energy_burst,7,文本弱
3096.2,3096.7,0.5,0.2188,0.3552,strong_anomaly,7,文本弱
